{"cameraMode":{"drawMode":0,"name":"Shaded","section":"Shading Mode"},"sceneLighting":false,"audioPlay":false,"sceneViewState":{"showFog":true,"showMaterialUpdate":false,"showSkybox":false,"showFlares":true,"showImageEffects":true,"showParticleSystems":true},"in2DMode":false,"pivot":{"x":-0.7000007629394531,"y":6.5,"z":8.100000381469727},"rotation":{"x":-0.07605917006731034,"y":-0.7137483954429627,"z":0.07847071439027786,"w":-0.6918307542800903},"size":165.01797485351563,"orthographic":false}